Title,Price
*PRE-ORDER* All Or Nothing: How Trump Recaptured America...,₱940.0
*PRE-ORDER* Ping: The Secrets of Successful Virtual...,₱1300.0
*PRE-ORDER* The Gift of Not Belonging by Rami Kaminski -...,₱1255.0
*PRE-ORDER* Revenge by Alex Isenstadt - Trade Paperback,₱895.0
*SPECIAL ORDER* Strategic Cost Management by Karim...,₱720.0
*SPECIAL ORDER* Financial Management by Bagayao And...,₱720.0
*SPECIAL ORDER* Intermediate Accounting Volume 3 by...,₱680.0
*SPECIAL ORDER* Intermediate Accounting Volume 2 by...,₱680.0
*SPECIAL ORDER* Intermediate Accounting Volume 1 Part 2...,₱580.0
*SPECIAL ORDER* Intermediate Accounting Volume 1 Part 1...,₱680.0
"*SPECIAL ORDER* Income Taxation by Rex B. Banggawan, CPA,...",₱920.0
*SPECIAL ORDER* Auditing Assurance: Concepts and...,₱700.0
*SPECIAL ORDER* Auditing Assurance: Concepts and...,₱770.0
The First Impulse: 2nd Edition by Laurel Fantauzzo –...,₱395.0
Head by the Ceiling by Anthony Shieh - Trade Paperback,₱275.0
Insect Hag and Other Stories by Yvette Tan - Trade Paperback,₱250.0
Bones of Contention: The Bonifacio Lectures (New Edition)...,₱275.0
Tropical Cocktails: New Edition by Gene Gonzalez - Trade...,₱375.0
*PRE-ORDER* Katabasis Export Edition by R. F. Kuang -...,₱899.0
*PRE-ORDER* Katabasis Standard Edition by R. F. Kuang -...,₱1435.0
*PRE-ORDER* Katabasis Deluxe Edition by R. F. Kuang -...,₱1615.0
*PRE-ORDER* Twice: A Novel by Mitch Albom - Hardcover,₱1075.0
*PRE-ORDER* The Secret Of Secrets by Dan Brown - Hardcover,₱1435.0
*PRE-ORDER* The Bookshop: A History of the American...,₱1255.0
*PRE-ORDER* Big Freakin' Change by Cara Moeller Poppitt -...,₱895.0
*PRE-ORDER* Yoko by David Sheff - Hardcover,₱1255.0
*PRE-ORDER* Sociopath by Patric Gagne Trade - Paperback,₱895.0
*PRE-ORDER* A Good Bad Boy by Margaret Wappler - Trade...,₱895.0
*PRE-ORDER* The Meaning of Jungkook by Kim Monica - Trade...,₱805.0
Mega Magazine February 2025 - Leni Robredo Cover,₱595.0
The Magic Of Positive Thinking: Harnessing The Power...,₱287.0
Life By Design by James Allen - Trade Paperback -...,₱287.0
Win At Work And Succeed At Lifeby Michael Hyatt - Trade...,₱177.0
40 Questions To Change Your Lifeby John Mason - Trade...,₱139.0
Great Truths That Set Us Free by Joseph Murphy - Trade...,₱287.0
The World Almanac And Book Of Facts 2025 by Sarah Janssen...,₱479.0
"Improve Your Memory: Learn Faster, Retain More by Peter...",₱287.0
Unlocking Communication by Dale Carnegie - Trade...,₱287.0
Boss Vibes by Dale Carnegie - Trade Paperback -...,₱287.0
The Poppy War Collector's Edition by R. F. Kuang - Hardcover,₱1595.0
Reckless by Lauren Roberts - Trade Paperback,₱571.0
Powerless by Lauren Roberts - Trade Paperback,₱571.0
Powerful by Lauren Roberts - Trade Paperback,₱571.0
Onyx Storm (Deluxe Edition) by Rebecca Yarros - Hardcover,₱1435.0
Immortal Longings by Chloe Gong - Hardcover,₱479.0
A River Enchanted by Rebecca Ross - Trade Paperback,₱955.0
A Fire Endless by Rebecca Ross - Trade Paperback,₱955.0
The Happy Ever After Playlist by Abby Jimenez - Trade...,₱863.0
The Avalon Bay Collection by Elle Kennedy - Trade Paperback,₱1247.0
Icebreaker by Hannah Grace - Trade Paperback,₱479.0
The Spanish Love Deception by Elena Armas - Trade Paperback,₱1058.0
Under The Sky Of Diamonds by Marillasaurus - Trade Paperback,₱360.0
The Governor's Daughter by Maribelatenta - Trade Paperback,₱264.0
Taste Of Blood by Knightinblack - Trade Paperback,₱379.0
Taming My Billioanaire (Completed Version) by Chennie Ann...,₱336.0
Secrets Behind Finding Rafael by Vchesterg - Trade Paperback,₱187.0
Never Really Over by Nina Nininininaaa Santos - Trade...,₱312.0
Hunter Online Book 2 by Reynald Penguin20 Hernandez -...,₱312.0
How Bad Can A Good Girl Be? by Psychopathxxx - Trade...,₱379.0
Garnet Academy (Completed Version) by Justcallmecai -...,₱336.0
Flames Of Madness by Nox Vociferans - Trade Paperback,₱312.0
Bride Of Alfonso by Binibining Mia - Trade Paperback,₱383.0
Ang Mutya Ng Section E: Book 2 Part 2 by Lara...,₱379.0
Fourth Wing by Rebecca Yarros - Trade Paperback,₱1051.0
Firefly Lane by Kristin Hannah - Trade Paperback,₱479.0
The Lucky One by Nicholas Sparks - Trade Paperback,₱941.0
Quichotte: A Novel by Salman Rushdie - Hardcover,₱1647.0
Paris for One and Other Stories by Jojo Moyes - Trade...,₱1000.0
Cloud Cuckoo Land by Anthony Doerr - Trade Paperback,₱818.0
Great Russian Short Stories by Mila Kuzmin - Trade Paperback,₱287.0
Great Japanese Short Stories by Paul Morikawa - Trade...,₱287.0
Great French Short Stories by Andre Lauren - Trade Paperback,₱287.0
Great British Short Stories by Rudolf Stone - Trade...,₱287.0
Great American Short Stories by Rudolf Stone - Trade...,₱287.0
Bhagavad Gita by Rupa Publications India - Trade Paperback,₱287.0
The Great Gatsby: A Graphic Novel Adaptation by F. Scott...,₱966.0
Nana by Emile Zola - Trade Paperback,₱294.0
50 World's Greatest Essays by Rupa Publications India -...,₱287.0
"50 Tales Of Magic, Monsters And Men by Rupa Publications...",₱287.0
50 Greatest Stories From East And West by Rupa...,₱287.0
50 Greatest Poems by George Calvin - Trade Paperback,₱287.0
50 Greatest Fairy Tales by James Cutler - Trade Paperback,₱287.0
50 Greatest Crime Stories by Terry O Brien - Trade Paperback,₱335.0
"Thumbelina - Board Book - Fairy Tale, Folklores & Fables",₱95.0
"The Frog Prince - Board Book - Fairy Tale, Folklores &...",₱95.0
"The Emperor's New Clothes - Board Book - Fairy Tale,...",₱95.0
"Snow White - Board Book - Fairy Tale, Folklores & Fables",₱95.0
"Sleeping Beauty - Board Book - Fairy Tale, Folklores &...",₱95.0
"Red Riding Hood - Board Book - Fairy Tale, Folklores &...",₱95.0
"Rapunzel - Board Book - Fairy Tale, Folklores & Fables",₱95.0
Pop Up Book: The Ugly Duckling By Shashank Gupta -...,₱143.0
Pop Up Book: Snow White & The Seven Dwarfs By Shashank...,₱143.0
Pop Up Book: Rapunzel By Shashank Gupta - Hardcover -...,₱143.0
Pop Up Book: Little Red Riding Hood By Shashank Gupta -...,₱143.0
Pop Up Book: Jack And The Beanstalk By Shashank Gupta Hc...,₱143.0
Pop Up Book: Cinderella By Shashank Gupta Hardover -...,₱143.0
"Pinocchio - Board Book - Fairy Tale, Folklores & Fables",₱95.0
"My Colourful 101 Folk Tales - Hardcover - Fairy Tale,...",₱287.0
My Colourful 101 Aesop's Fables Stories - Hardcover -...,₱287.0
My Colourful 101 Adventure Stories For Children -...,₱287.0
"Mermaid - Board Book - Fairy Tale, Folklores & Fables",₱95.0
"Goldilocks - Board Book - Fairy Tale, Folklores & Fables",₱95.0
"Cinderella - Board Book - Fairy Tale, Folklores & Fables",₱95.0
"Beauty And The Beast - Board Book - Fairy Tale, Folklores...",₱95.0
"Aladdin - Board Book - Fairy Tale, Folklores & Fables",₱95.0
60 Delightful Stories with Moral Value - Hardcover -...,₱287.0
101 School Stories - Hardcover - Early Readers,₱287.0
Why We Celebrate Chinese New Year Everything To Know...,₱479.0
Tell Me Why? - Trade Paperback - Children's General...,₱191.0
Tell Me Where? - Trade Paperback - Children's General...,₱191.0
Tell Me When? - Trade Paperback - Children's General...,₱191.0
Tell Me What? - Trade Paperback - Children's General...,₱191.0
My First Treasury Of 100 Bedtime Stories By N. Gupta -...,₱383.0
My First Treasury Of 100 Animal Stories By N. Gupta -...,₱383.0
Mini Classics Illustrated: 20000 Leagues Under The Sea By...,₱56.0
Little Egg: An Eggcellent Book Of Kindness - Board Book -...,₱479.0
Big Picture Vegetables By Shashank Gupta - Board Book -...,₱191.0
Big Picture Fruits By Shashank Gupta - Board Book -...,₱191.0
Big Picture Numbers By Shashank Gupta - Board Book - Numbers,₱191.0
Big Picture Wild Animals By Shashank Gupta - Board Book -...,₱191.0
Let's Learn For Little Hands: Vehicles - Hardcover -...,₱95.0
"Let's Learn For Little Hands: Numbers, Shapes & Colours -...",₱95.0
Let's Learn For Little Hands: ABC Animals - Hardcover -...,₱95.0
Gold Stars Volume 3: Handwriting Fading Ink Magic Tracing...,₱191.0
Gold Stars Volume 3: Maths Big Workbook - Trade Paperback...,₱143.0
Gold Stars Volume 3: First Maths Fading Ink Magic Tracing...,₱191.0
Gold Stars Volume 3: Starting School Jumbo Workbook -...,₱287.0
Gold Stars Volume 3: Large Pad Preschool - Trade...,₱287.0
Water Colour Magic Warrior Princesses - Trade Paperback -...,₱95.0
Water Colour Magic Unicorn's Adventures - Trade Paperback...,₱95.0
Water Colour Magic Jungle Animals Tradepaper - Coloring...,₱95.0
Water Colour Magic Farm Animals Tradepaper - Coloring Books,₱95.0
Teenage Mutant Ninja Turtles Colouring Book - Trade...,₱95.0
Polly Pocket Colouring Book - Trade Paperback - Coloring...,₱95.0
My 1st Creative Coloring Bag Set Of 8 Books By Sahil...,₱239.0
Magic Painting Water For Kids 4 - Trade Paperback -...,₱66.0
Magic Painting Water For Kids 3 - Trade Paperback -...,₱66.0
Magic Painting Water For Kids 2 - Trade Paperback -...,₱66.0
Magic Painting Water For Kids 1 - Trade Paperback -...,₱66.0
Disney Moana 2: Colourmania - Trade Paperback - Coloring...,₱479.0
Barbie Colouring Book: Horses - Trade Paperback -...,₱95.0
More Than A Flash Card: Alphabet & Shapes,₱123.0
Starling House by Alix E. Harrow - Trade Paperback -...,₱955.0
Onyx Storm by Rebecca Yarros - Hardcover - Fiction &...,₱1339.0
The Boyfriend by Freida Mcfadden - Trade Paperback -...,₱863.0
Divine Rivals: A Novel by Rebecca Ross - Trade Paperback...,₱625.0
It Starts with Us (The Filipino Edition) by Colleen...,₱399.0
Heartbeat by Jagga - Trade Paperback - Fiction & Literature,₱383.0
A Doctor's Love Story by Ygking - Trade Paperback -...,₱95.0
Breasts and Eggs by Mieko Kawakami - Trade Paperback -...,₱667.0
True Crime Fairy Tales Goldilocks and The Three Bears by...,₱287.0
Favourite Stories For Bedtime 4 Book Set - Hardcover -...,₱431.0
What Are The Ten Commandments? by Yona Zeldis Mcdonough -...,₱352.0
The Magical Disney 30 Book Collection Box Set - Trade...,₱8824.0
The Flat Stanley Collection 12 Books Box Set by Jeff...,₱1941.0
The Books of Clash Volume 1: Legendary Legends of...,₱1058.0
Goodnight Stories For Rebel Girls: 100 Tales of...,₱2059.0
Lego Star Wars: Galactic Adventure - Trade Paperback -...,₱641.0
My First Steam+Words Library 8 Books Boxed Set by Chris...,₱2819.0
Treasury of Stories: Spidey and His Amazing Friends -...,₱287.0
Treasury of Stories Volume 2: Paw Patrol Dream Patrol -...,₱287.0
"Wash Your Fins, Baby Shark! Doo Doo Doo Doo Doo Doo -...",₱587.0
The Pups Save Friendship Day! Paw Patrol - Hardcover -...,₱588.0
My First Reading Library 30 Volume Box Set - Trade...,₱6332.0
How To Charm A Llama by Rosie Greening - Hardcover -...,₱647.0
Baby's First Library 8 - Board Book Boxed Set - Preschool...,₱2819.0
Kelly The T-Rex Has No Friends - Hardcover - Preschool...,₱143.0
Sweeties!! Colortivity Book - Trade Paperback - Workbook...,₱294.0
*SPECIAL ORDER* Birds Of Prey Volume 1: Megadeath by...,₱859.0
*SPECIAL ORDER* Superman: Son Of Kal-El Vol. 1: The Truth...,₱763.0
Water Moon: A Novel by Samantha Sotto Yambao - Hardcover...,₱1243.0
Water Moon: A Novel by Samantha Sotto Yambao - Trade...,₱859.0
*PRE-ORDER* We Do Not Part by Han Kang - Hardcover -...,₱1243.0
*PRE-ORDER* Deep End by Ali Hazelwood Trade Paperback by...,₱619.0
*PRE-ORDER* Immortal by Sue Lynn Tan Trade Paperback by...,₱859.0
*SPECIAL ORDER* Third Millennium Thinking by Saul...,₱859.0
*PRE-ORDER* Finding Focus by Zelana Montminy - Trade...,₱850.0
W:Samuel Smiles Box Set (Set of 4 Books) by Samuel Smiles...,₱599.0
W:Napoleon Hill Collection (Set of 4 Books) by Napoleon...,₱599.0
Closer To Love by Vex King - Hardcover - Motivational &...,₱399.0
W:Art Of War Collection(8 Vol Set) by Sun Tzu - Trade...,₱1495.0
Autobiography Of Gucci by Gucci Mane - Trade Paperback -...,₱299.0
Strategize To Win: The New Way by Carla A. Harris -...,₱299.0
Ryan Holiday : Courage Is Calling by Ryan Holiday -...,₱859.0
Money Tree by Chris Guillebeau - Hardcover - Careers &...,₱299.0
Word Hunt Voulme 118 - Trade Paperback - Games,₱76.0
Word Hunt Voulme 117 - Trade Paperback - Games,₱76.0
Ultimate 600 Puzzles - Word Search By Lake Press - Trade...,₱239.0
Ultimate 600 Puzzles - Sudoku By Lake Press - Trade...,₱239.0
Mindful 600 Puzzles - Word Search By Lake Press - Trade...,₱239.0
Mindful 600 Puzzles - Sudoku By Lake Press - Trade...,₱239.0
250 Puzzles - Word Search By Lake Press - Trade Paperback...,₱191.0
250 Puzzles - Sudoku By Lake Press - Trade Paperback - Games,₱191.0
250 Puzzles - Mixed Puzzles By Lake Press - Trade...,₱191.0
The Life Impossible by Matt Haig - Trade Paperback -...,₱955.0
Sayaw Ng Mga Ilaw: Dance Of The Lights By Cheeno Marlo...,₱283.0
Pretty Peach And The Color-Matching Kaleidoscope By Reni...,₱283.0
Dyarannn! By Renato C. Vibiesca - Trade Paperback - Early...,₱187.0
365 Story Bible - Trade Paperback - Bible Stories,₱671.0
Jumbo Word Search Issue 3: Kingdom Animalia - Trade...,₱95.0
Preschool Learning Series: Number 1-20 - Trade Paperback...,₱95.0
Preschool Learning Series: Alphabet - Trade Paperback -...,₱95.0
I Can Do It Series: First Grade Skills Volume 1 - Trade...,₱95.0
I Can Do It Series: Alphabet & Numbers Volume 1 - Trade...,₱95.0
Illumination Presents Minions: Coloring And Activity Book...,₱114.0
No Room In Neverland by Joyce Chua - Trade Paperback -...,₱763.0
Frappes For Three by Vidhya Sathyamoorthy - Trade...,₱859.0
Death And The Maiden by Apinuch Petcharapiracht - Trade...,₱763.0
The Code of the Extraordinary Mind by Vishen Lakhiani -...,₱955.0
Artmaker Calligraphy Set 22 Edition by Hinkler - Trade...,₱571.0
Rising Tigers: The Nation Builders in Asia - Magazines -...,₱479.0
101 Tips for Weight Loss by R. Kumar - Trade Paperback -...,₱120.0
101 Tips for Fitness by R. Kumar - Trade Paperback -...,₱120.0
101 Tips for Happier Marriage by R. Kumar - Trade...,₱120.0
101 Tips of Pregnancy by R. Kumar - Trade Paperback -...,₱120.0
101 Tips for Baby Care by R. Kumar - Trade Paperback -...,₱120.0
101 Tips for First Aid by R. Kumar - Trade Paperback -...,₱120.0
101 Tips of Diabetes by R. Kumar - Trade Paperback -...,₱120.0
Classic Puzzles Word Search by Hinkler - Trade Paperback...,₱95.0
Classic Puzzles Sudoku by Hinkler - Trade Paperback -...,₱95.0
Classic Puzzles Mixed Puzzles by Hinkler - Trade...,₱95.0
Classic Puzzles Crosswords by Hinkler - Trade Paperback -...,₱95.0
Art Maker Watercolour Magic Majestic Animals by Hinkler -...,₱287.0
Art Maker Watercolour Magic Dream Botanicals by Hinkler -...,₱287.0
"Winds of Serendipity by Peachxvision, Shirlengtearjerky...",₱331.0
Trapped by Dior Madrigal - Mass Market - Pinoy Pop Lit,₱143.0
"Tides of Destiny by Tsubame, Sweetblunch & Yam-Yam28 -...",₱331.0
The Zodiac Series Box Set by Various Author - Mass Market...,₱1343.0
The Lady by Elise Estrella - Mass Market - Pinoy Pop Lit,₱123.0
The End is Here: An Interactive Apocalyptic Adventure by...,₱465.0
Shadows of the Island by Mmd Viernes - Mass Market -...,₱133.0
"Roots of Memories by Sielalstreim, Hippityhoppityazure...",₱331.0
Raindrops On Flowers by Sweet Aria - Mass Market - Pinoy...,₱216.0
Psst… Apo! by Heitcleff - Mass Market - Pinoy Pop Lit,₱123.0
Possessive 8: Scandal by Ingrid De La Torre - Trade...,₱191.0
Possessive 7: Secrets by Ingrid De La Torre - Trade...,₱211.0
Never Yours by Beeyotch - Mass Market - Pinoy Pop Lit,₱216.0
Moving Into My Brother's House by Areyaysii - Mass Market...,₱216.0
Mamayang Gabi by Draven Black - Mass Market - Pinoy Pop Lit,₱123.0
King's Moon by Hippityhoppityazure - Mass Market - Pinoy...,₱216.0
Invisible Man by Jonaxx - Trade Paperback - Pinoy Pop Lit,₱360.0
Imperfectly In Love by Sunako_Nakahara - Mass Market -...,₱216.0
Guni-Guni by Charwin B. Alferez - Mass Market - Pinoy Pop...,₱123.0
From The Archives Box Set by Jonaxx - Trade Paperback -...,₱1439.0
"Flames Of Fate by Fedejik, Blackpearled & Lil_Sissy -...",₱331.0
Embracing Arms by Ventrecanard - Mass Market - Pinoy Pop Lit,₱216.0
Downfall Chronicles by Jonaxx - Trade Paperback - Pinoy...,₱360.0
Cheaters by Helene Del Mundo - Mass Market - Pinoy Pop Lit,₱95.0
Caught In His Arms by Ventrecanard - Mass Market - Pinoy...,₱216.0
Campfire Tales by Doreen Laroya - Mass Market - Pinoy Pop...,₱123.0
Back In His Arms Again by Ventrecanard - Mass Market -...,₱216.0
Author's Note by Wintertelle - Mass Market - Pinoy Pop Lit,₱216.0
Arms Trilogy Box Set by Ventrecanard - Mass Market -...,₱1275.0
Mind Thrilling 500 Activities - Trade Paperback - Hobbies...,₱143.0
Mind Teasing 500 Activities - Trade Paperback - Hobbies...,₱143.0
Mind Stimulating 500 Activities - Trade Paperback -...,₱143.0
Mind Boggling 500 Activities - Trade Paperback - Hobbies...,₱143.0
Thea Stilton 37: The Ghost of the Woods - Trade Paperback...,₱431.0
The Official Harry Potter Baking and Cookbook Collection...,₱1915.0
Inkworld 4: The Color of Revenge by Cornelia Funke -...,₱955.0
Harry Potter Books 1-3 Boxed Set Minalima Edition by J.K...,₱5275.0
The Treehouse Collection 12 Books Set by Andy Griffiths -...,₱5882.0
The 39 Clues: One False Note 2 A Graphic Novel by Gordon...,₱575.0
Goosebumps 1: The Haunted Mask by R.L Stine - Trade...,₱575.0
The Junior Bible - Hardcover - Preschool Books,₱479.0
Unicorn Colouring Fun - Trade Paperback - Activity Books,₱95.0
Princess Colouring Fun - Trade Paperback - Activity Books,₱95.0
Ooly Color in Book Little Cozy Critters - Trade Paperback...,₱383.0
"My Playtime Learn, Trace & Colour Activity Book - Trade...",₱143.0
My First Spelling and Colour - Trade Paperback - Activity...,₱95.0
My First Bumper Copy Colouring Book by Anna Award - Trade...,₱191.0
My Cute Bumper Colour Purple - Trade Paperback - Activity...,₱95.0
"My Big Bumper Colouring, Blue - Trade Paperback -...",₱335.0
Mini Copy Colour 4 - Trade Paperback - Activity Books,₱47.0
Mini Copy Colour 3 - Trade Paperback - Activity Books,₱47.0
Mini Copy Colour 2 - Trade Paperback - Activity Books,₱47.0
Mini Copy Colour 1 - Trade Paperback - Activity Books,₱47.0
Gruffalo Colouring Set - Trade Paperback - Activity Books,₱95.0
Fisher Price My First Colouring Fun - Trade Paperback -...,₱95.0
Fairy Tales Copy To Colour Sleeping Beauty - Trade...,₱95.0
Fairies Colouring Fun - Trade Paperback - Activity Books,₱95.0
Wipe Clean: Alphaprint Flash Cards Words by Roger Priddy...,₱299.0
*PRE-ORDER* A Monsoon Rising: A Hurricane Wars Novel by...,₱859.0
*PRE-ORDER* A Monsoon Rising: A Hurricane Wars Novel by...,₱1531.0
*PRE-ORDER* Christmas At Hogwarts by J.K Rowling - Hardcover,₱955.0
"*PRE-ORDER* Surrounded by Liars: How to Stop Half-Truths,...",₱955.0
Effective Public Speaking by Prem Bhalla - Trade...,₱239.0
Effective Team Building by Prem Bhalla - Trade Paperback...,₱239.0
